0,1
-4.272404134090202,-9.667047616340541
-1.8480816245571385,-4.687661838857969
8.816753474022772,0.10136784668544885
6.743280610786693,-2.9908866628639394
-4.751872403793831,-7.0446392191215566
5.203947187143269,-2.026731672779284
8.302637453370444,7.795456030906167
-7.634866646383794,-8.644623772192684
-8.719481927151111,-1.1407286580494524
10.57869315928018,13.339014568619682
6.368980615364489,11.045256116540171
3.6645273961569504,-1.6733728778235761
7.246897097387522,1.3287893919631355
-4.672465688069946,-13.68990218854438
-5.999581769020255,-9.863059909295972
10.290151731623238,10.33173190230188
10.522842053198973,0.4065698165531797
-7.655888919070663,-11.155403107009754
-0.046539686127481605,-0.8992457584457427
-1.3226736641936954,-2.106397578193573
5.193341924775061,4.669488114588099
-2.5219037715281574,-10.158561529125926
-5.256096626932097,-8.500090429318067
9.121763531997699,3.3462594507655328
-8.075330756389752,-10.165472627407857
-1.2330587994668347,-4.0255848323249275
-4.024743095627936,-9.907754459184922
2.7010571815080535,-4.850578144006947
-3.654759581999257,-1.6918820696260224
6.980970814349806,10.068403518459583
4.607612724069806,10.041914577931708
-5.787478193396635,-7.606711606550142
0.2555766285262895,-1.1176450844695929
-4.75109081405014,-10.557648395469093
-2.9056934173756037,-0.9028234509377115
-5.466160245273595,-5.973203925463009
-1.3587157832063153,-1.1742787101271057
-2.350152623475179,-0.6935241720388268
5.192900926226649,8.647508857495815
12.354297039470728,0.9184743830302978
-1.9991763954685902,-8.846185460109309
8.40330784653408,0.7952329883401448
-5.548963245061006,-11.64832391271101
7.729293087775877,8.317192118519571
-4.51737428104391,-10.61165300431038
-1.098876586063526,-1.577658377963175
-2.7403856411429515,-10.549699521292899
7.754097299561274,0.5020005107887462
-0.8644278123505765,-4.519190096964748
-5.7481523636325385,-12.447296024476628
7.151859485742466,10.283292737494596
5.2898370352870865,10.134447985408762
8.25617963124382,0.099425441596521
-4.23319871879564,-0.6448115720435696
4.267114492731093,6.392995277814615
-1.4122311762004403,-0.5905132514402585
5.743715137127278,2.547921620653735
8.116122403772602,6.486917286556579
8.003089387164932,0.3065082862035359
-1.0095910326122621,2.5105868657335337
-3.6377238153081697,-11.12770982294653
6.323433124601607,-0.26140561153048847
-2.9789241152318295,-1.667727747269377
-1.7055461283748858,0.4451738291487155
4.4918148155877144,11.551886101737344
-8.385493578225136,-12.025703507278035
7.572058225204283,-0.8099301553452078
6.518388173156964,-0.7064653337892037
6.867051534895024,2.0460232017591506
9.619635372857088,10.57926565400936
6.098220163351209,11.939623544566999
-3.682821001691032,-1.2704751212325642
6.5520806699033844,7.970749283381076
8.131550005618575,-0.04886218091243233
8.356719687947672,-0.7127214726673325
6.924213140762752,-0.5028683809583654
8.370798324270849,0.5582004703766867
0.6039352624699272,-1.6406305692669423
9.754638054207225,-0.028725891010172977
-3.8328580867766555,-3.2789687973526016
7.708526302330183,10.62759157634139
8.760859255541234,-0.8262754769564944
-2.4045212431469536,-3.3630525255223906
8.086497282193292,2.690736562340809
-0.5059136272205507,-13.85872106368939
4.952478643842037,10.226874772184008
5.162569074466875,8.207705750352593
7.599061295735414,8.699939766334118
8.363359977552406,9.850134779117738
-7.533214494541949,-11.422529634937144
-2.4817284845386496,-0.6349516239559694
1.0974984931297365,-1.8984691823849418
5.824800806556371,1.7320676059629754
-1.0072587318414141,-0.8376429166985904
9.400783653000993,0.6416498250728218
-5.215459946175381,-2.9984480292479656
-6.444398148311256,-12.0761934700646
-6.795170612208699,-9.141724577967665
-5.960786394408535,-11.79062586329593
-1.5241751713680203,-1.6429589853885773
4.994010624935551,9.388149446051878
5.532094038260441,0.9002773177437842
6.088874823098115,4.170707085132583
10.648986346076672,1.6729324169528064
8.18089953124124,0.08069948134457383
-3.3931021286896126,-9.994049758367
8.432430905864697,11.46986613189133
-0.6934451157895516,-0.5389050303042369
-4.448810965259783,-4.231935148844821
4.6445583060885465,2.395838478768512
6.814453632834431,-0.27083701598963494
-2.8140778726569367,0.5025319417591585
-7.083693511467102,-9.83991683115503
6.9479762255560535,-0.30808331474122885
9.45136960108653,3.131487891698914
4.87094374009315,7.454580008254723
9.594275400709547,5.829797092522615
-3.1729345933849284,-2.3159295917607654
6.4020148414678095,7.813039806448151
7.620589896052185,13.846059287596455
7.204578576439694,9.802685741009451
-3.5440701637639425,-8.503923830910626
0.007147347260789694,-3.410901931876418
7.646788613799398,1.1890683442176804
-3.60192610615196,-2.3257159163454038
-4.132071320426742,-3.8043043518988333
-6.54897702617909,-10.313155274546789
-4.7889674090220655,-11.404842932000502
4.674682084189348,-0.9495670953179411
-1.8674869486734256,-1.4848771291412195
7.521788276599418,9.237535742536403
-1.1116668895421729,-0.6355081212931664
-5.468374011071025,-8.542880558993513
7.7096785185371015,8.684672352220742
-2.9741688282059107,-10.720908201512367
7.5221040242352775,-0.03154051995724738
-7.418884805854216,-12.192318996367018
8.793168779805647,0.7894664056626148
3.5255611772613196,8.585883539788773
-4.655226615247659,-10.202343189405443
5.237733955970388,0.635544829219105
-2.849172808512316,-1.125678898912807
8.831935139615418,9.855835887159353
-2.3786389108014516,-4.453401810513639
-2.9827041882414447,-4.187857145087255
7.386536369436295,0.8813644609168517
8.588465433412233,9.716816000224316
-0.8882293660013749,-3.0697193595700734
-9.033589018585158,-10.83725921765203
-2.4453590337389026,-10.974643278625303
9.599746587196831,9.79724105570937
-4.60673821725293,-8.915525216034668
6.497388868942875,-2.5791106326733733
6.270353183330709,-0.3936025841011077
7.214488329615558,10.209580042794174
-2.7528326757042096,-12.444707683237331
7.550196052035444,10.887632165585003
8.521124968021196,12.040695327588729
-1.1610743812011377,-1.9012756252397058
8.256864488860577,9.20740393189897
1.0655856583535552,-2.1147051616147263
-6.311867022426631,-8.163621071927363
6.191817685779315,2.0225539146411347
3.6309513293353044,-2.6564354910712944
-0.593459996580695,-3.0610611321405745
-0.33510271676737613,-2.737480745908167
4.778284632348093,-1.0426059382534467
-4.808710698638606,-0.9861192859074027
6.955806171691334,1.2492394319909814
-5.3235653943388055,-10.370658842645241
8.34073425181045,7.567507355021931
8.915013130360977,1.121384781893017
8.943530322874507,10.562732353772745
5.510803494425001,9.054988950167525
-7.187469043039892,-11.469324081296541
6.477906047962247,8.180663109211645
2.7749805706230406,-0.9922998159496238
-1.570815389878086,-2.9100088153767003
7.030281255474806,11.311300884923801
7.188198920312542,-0.9492372773925875
5.553894283243713,0.862962809617088
6.425722476266779,-0.7952578931310181
7.98243197289296,8.249929485932197
-5.644190934689398,-10.178743003674526
-1.6497468018641968,-0.06291267286436475
-6.907091721674146,-12.691845826056326
6.990116893613122,1.3756087988219758
-1.4444330746294218,-3.11152023884494
-5.415391185275235,-10.616316864955603
-1.660491081711589,-6.028408487507388
9.326019854584334,8.92201078879785
-5.5316560723217725,-14.014596911477348
-1.8288032650528052,-7.4235825610661115
-4.775788452431669,-10.233835749775436
11.411087049712357,1.172070599125535
6.666334849130738,7.288018858092126
-3.995956163201394,-9.305081967643705
-4.213410371338014,-9.153745284840408
5.107145365628252,1.691740885265421
-2.2497035291732725,2.0986516639072477
7.69988742879974,11.978755122637041
-1.6621914605837873,-2.4920685875416915
7.654526768389712,1.5232615007316022
-4.409448610838202,-5.982511590022229
7.125088803576115,11.886196425344767
-2.9232629711296068,-6.3941214886651725
7.948007666229015,9.570847832288575
-5.385663564207094,-11.05650483975267
-1.7713501857046476,-9.434565158270319
-3.417762259327372,-1.2626440746643541
1.4230217104153349,0.06289702529128371
-7.460661040603936,-8.464622125504945
5.107972465126553,3.0254828645446055
-3.0625414260080692,-10.521093618022572
7.799705738894037,-2.0002187567254475
-9.473667260975354,-7.890511485624595
6.427053080656282,7.736335806468916
7.5248638204713885,9.698286514872827
-5.636675471664077,-11.338168405162438
-4.360458367438986,-8.466159063477638
9.437777117695612,7.122643582843853
10.154123722739538,1.042308354458181
-5.583966646517253,-12.030605604614333
3.4789776174615823,12.043597670519429
-1.2221471537723982,-4.049106809735379
4.280092434577874,9.582811437276892
8.139338485067054,3.7926279141095125
7.338552241944364,8.526887455073625
-5.321350258430397,-9.006639517265489
8.842455186173742,12.029197130083379
6.439798695733352,6.8688075548714735
-6.060142256905214,-8.610931690687437
-3.260453432788732,1.0963043429627284
-7.75976764036313,-10.631169659741248
-6.323860456459887,-7.813595536115455
-6.912415666532482,-9.914649726738158
5.628446354689282,8.230466178965408
9.271874023667245,-2.0232742343445844
-6.765670075903346,-8.632213626191989
-4.751925047371293,-9.898776670079172
8.21674633063077,1.8036663638556834
-2.2707267600642917,-0.1843603862458041
8.7693165996942,0.5111516140077677
-3.513358061853999,-2.9406589423930694
0.7255271793198967,0.22236047582932184
-5.677691841926347,-9.27653374834189
4.586626076535096,7.222222778919703
-7.817791521826319,-7.815265644391842
-5.700422030951952,-11.407759677297111
7.7267822879714485,8.754053997836138
-3.4896518731923996,-7.1745036471864605
-7.03608243089945,-10.140107842964811
-3.682839983914727,1.0138194795788116
-7.018411025397634,-10.669779281525992
-2.1293462820207254,-13.935341885539792
6.2528754737233125,8.769580835312928
8.715135905882493,9.561456084350848
-4.860365074276444,-10.877266082594804
-1.5503778387031193,-1.7939688214496181
-0.2541674841331216,-5.308317232503285
-4.56598311053466,-6.948568801275384
7.575218295781047,0.08422521994933341
-4.827161755650864,-10.339483669687331
8.176622693935128,8.337064801103471
7.4212974004975845,1.3816771903839506
-4.03427294346811,-9.54978856819449
8.063171018782812,3.107326593621264
-2.9313955255445086,-10.465709911203088
-5.088534926988569,-11.05612406494274
7.413357911493151,0.39504440009667796
0.3300313801962691,-0.920875750196722
9.974651621399152,4.105305172019846
7.276522341880992,0.7833731014125045
-7.349002390437459,-10.693792175137162
-2.749446403754658,1.0370582740502172
6.499583447559584,-1.7927363440437767
8.537018703675885,8.188268125731517
-7.2963023267482034,-11.257243563053658
-1.8084171638734423,-4.918904511672062
8.372011576403429,9.677382447435344
7.856689396657908,0.8465873160212997
-1.351543887744326,0.3000991966954927
-7.452989582197402,-3.354097038901796
10.571498389348474,8.135141620870439
7.583922778040327,1.911065597392464
4.098440661463805,-1.003797373792106
10.406729007190183,8.969882796588841
8.72169302368777,1.4642303423696
11.011065884279041,-1.643635786220139
6.578740348928408,9.709492085022767
-1.1360583862187028,-0.5695281897404509
7.615453653393357,10.949132793753845
-4.024687674212427,-11.002226124771113
6.428549561788791,11.606729625151042
-4.80221210013315,-10.914170756667247
4.997801838074833,4.238069901200451
9.020657745905552,8.211654558926185
-6.115872369124808,-8.441584703780565
-7.253363170048974,-9.206752193774046
7.485795801733109,-1.6865350299575637
-6.122993687386821,-9.849407431130166
-2.66451956812187,-5.407573564039968
5.15560376489017,9.224099853003063
8.230139170267929,9.35049585582492
4.2938707110192995,0.2691979127865536
6.615203135278221,-1.6622866035850357
9.44179517355484,9.504206634686973
-1.537087744400247,0.10436786815183074
7.763629467221016,0.26588518398654043
5.111248251185109,8.167105732575358
4.878011718200627,11.07888241643688
-6.442228276529244,-11.129054296442142
-3.7015465313824487,-3.7351844646594303
-3.032939189960215,-0.2391496549619163
5.326919818552065,8.202704264095404
6.429083414843577,-0.761718159585727
4.468226414164677,8.32306001863093
12.810798595850565,-0.3942967713954528
-6.086134939884682,-11.576550826559213
9.044136596777767,3.256124925058258
6.431249852865742,7.994766669540406
-2.670269162376025,-0.10929057189002012
-3.335353628640534,-7.1260987747956275
6.441749267046729,0.02061689158002855
9.133404046405284,2.698360179528436
-3.6791187674279913,-3.845418625310365
-0.8319828210479668,-1.798371544191079
5.174740577699367,0.8459911433843184
8.838109032859949,8.277369139235917
4.771685740701445,1.9034248326782761
9.961180479782996,1.5202713664382175
1.0615606597348366,7.083518547917457
10.141652887864629,9.583610895890942
-3.9977575534655245,-1.895229266890742
-1.8544632722521943,-3.5364564956650124
7.425284322386101,1.975693508157654
-5.707275357831508,-11.058574417912286
4.958969933018,0.7847531780629214
6.087308290013214,10.326464785444557
0.2799499044169438,-1.9545823114639294
1.2854322663290998,-3.175750530700658
-8.02952912738645,-13.45137265715907
-6.575521720642243,-8.072593972669445
8.932291524361865,8.746208397420482
-3.154372837452695,-1.4257008394628579
-3.0540186936468636,-3.524504973847068
7.543470624822676,-0.7361422606763202
7.896675809925574,-1.3319108026151596
-7.233718609619286,-8.643901542122235
-0.6163206899404527,2.29981861622816
-4.392442286550306,-4.016010693749144
6.9483130726704125,6.041063024228767
3.597875699903561,-1.653991304871096
-1.3821294058324467,-1.5205471660494203
-5.635745445801019,-12.048192063234719
4.102949210352664,6.168409791359856
-2.4389160619392927,-12.352121669961573
5.53958864646599,9.77495437713254
3.7270910028529785,8.789947686427087
-3.0618360743866186,-9.782596854961469
8.567784451345888,11.56211129557361
10.05623063687353,-2.1980041359172757
-7.216622020147266,-9.383732009766195
9.53480387000616,11.289498758503987
7.379290932001769,7.964650049094787
11.43989111284234,9.311963555883167
8.055565099000606,-2.853438146018338
0.5537810576130153,-3.039216758866501
-1.2722558964834032,-2.4404226479131395
-2.987500459854729,-2.8951705223328057
5.7890790310613465,6.375843932989465
10.65165091340063,-0.6377786476277234
4.802737637899643,-0.7951223096755733
6.9383022458707755,0.32361747041616096
7.630432049269618,10.050043463224226
0.10181038991167979,-4.796979318771428
5.644622165376405,-1.036105848066261
-2.961233764322668,-8.892747960267434
6.265967939946387,0.595570569499947
9.750573141391026,7.124605852045729
6.0684769521938335,14.016406464537328
6.973136026060261,11.375443778002953
-4.095169411685624,-9.347945300955422
-2.114649739525359,-2.7420941535629453
-2.767916164016439,0.19446307083137393
-2.724625089667362,-7.563345670880305
7.407248353437775,2.0536170309281747
-2.4898350799920026,-3.554787681819337
-3.5475454383487084,-2.0305138966841456
-1.5868942989134818,-3.2441426272556164
-4.598236658307563,-7.342983751658153
9.976029946527749,10.302968118757072
8.944017267309274,11.79450385762111
7.780217406172,2.1709260808125856
-5.354519956484399,-10.858171721633276
6.895369329234621,9.655440233705573
-3.225508370448315,-11.356236105477006
-1.9385702081796212,-4.559358730528995
-7.715480296022483,-9.478015352292816
-6.000095100292556,-10.29298446255306
8.954315618367039,-0.4919394119146292
7.064637641416608,-1.3321186056297007
7.963206244339837,7.953808209111839
8.116488281608305,0.447140481875795
-6.475820790550737,-11.975926556055764
11.69228358190495,5.625331123868393
6.960920945918745,11.625331435602316
-0.6632033168097674,0.005852425718129828
-4.292946024619236,0.44917114370772415
8.536082962775723,7.690614814638299
-2.7624522744307143,-11.692733014940675
8.792493445763384,8.166793900686116
-3.6526181401497047,-5.875628043338256
-0.01736408412773005,-1.530067919003203
-4.029411386945597,-0.3623223446947308
-0.7712348964220355,-3.1586962112722663
0.27379820835721436,-1.3551765725570908
5.746590535382636,10.167521631344993
7.679857255764857,9.385314372100012
8.967396583753018,9.898443601152632
7.2477536727610525,6.35862563937085
-9.22767714441838,-9.620922153144296
-0.85796890546154,-10.629325189446185
9.309429846797512,2.4854587539239392
8.271242737592207,6.246407308876568
-6.799078808553854,-10.39702212135095
1.1157906800833772,0.12746222696093268
-2.1710257697633155,-1.7595244178672194
-4.41682249150745,-3.9772197545247163
8.758390088530179,9.627429305708747
5.659631902218066,0.6483593583524275
9.508724634170516,7.4912094036165175
-6.529500059135147,-9.11483498829129
-3.2241318160166452,-9.55153937680817
10.015629068153281,8.73196712703264
2.1090156686887305,-2.74923199680404
7.9955430915252155,10.526018776106005
-2.53182503012125,-9.472296445367485
8.073418205087357,0.41123411020227296
-3.951409721290574,-0.8560787104572876
0.14367116486947817,-2.9949086408757397
9.089413517530541,-1.0842588481821456
6.732756505814067,0.5868062964812322
-6.993532932902412,-7.165709608182057
-0.24343333624349484,1.148661455704675
-4.586814305830802,-10.464022950362173
7.479070524516017,3.474386252741713
5.042070578466945,9.856515193934774
-0.5112891703270888,-0.1380139542392922
-5.502652521713653,-11.136817485063983
6.917653956351211,10.051166253543379
-3.8133552933047663,-4.120375207369545
-2.7347018532948724,-2.561521468955891
2.327443299709244,-3.4705408903806774
5.7344701365769915,8.740315168638592
9.16172126627329,2.1363268426374344
5.876366991192593,8.70921134997138
7.597343277584495,0.5203645673395272
-3.51941411325543,-10.237968565378747
5.612685782114633,12.804689472968427
11.001171777510068,-0.17940456176666209
7.8613633771313545,7.361281940903492
-0.18190653515605204,-0.08429678249835537
-3.5347347426923967,-11.884292056730404
5.4489956967129105,1.932737118337379
8.059616565993267,2.948771925718025
-5.6716146405354175,-9.003585662546437
5.364245202028982,11.233126459015443
7.982887475906627,8.700855047502177
-0.9543629814482295,0.17706672894791264
5.751588949106112,3.064289277071403
5.828578695473864,0.14506462380693652
6.731000193708565,0.14524260476674267
7.293938203109123,1.3686179658929256
8.765414081994896,11.565875627720262
-2.931131463478136,-7.353071395441201
7.227957707132288,9.854312501218022
7.491727918809152,2.1898488798422955
-1.9988415035151652,-1.4766430281497858
7.72139572595844,0.2213753529186176
5.997129347582421,1.2852440915327692
-3.2313563297764025,-5.254274074919908
-5.122796189834533,-10.050306392030002
-5.05318785245633,-8.713831718860469
-0.29166409551372774,-0.5801638434036216
-2.5040447169412836,-0.6231910938349159
3.9713667672533455,11.132548488078994
-2.7468822819988192,-9.754031101737086
-6.676157210434766,-9.904241954848281
3.3349032222724295,13.708515002433414
-4.882221893085104,-8.014303890970378
-0.7915275295763895,0.1676190507986144
8.86750089844857,7.5988995335452
-2.591741300008687,-1.7641915715811742
5.072372981538937,7.420974525023624
3.1251153862160885,11.309598946373363
8.322721208029236,7.27454914659638
-7.72683980542142,-9.02510988663622
11.761476922448498,3.6222796897790204
-2.2608584338931794,0.2514260557210104
8.835527200976538,10.167321284415761
-0.5424023599733618,4.037317317198591
6.884518731340999,8.617123726520816
-2.736788287178127,-8.80648226067241
9.364705174278134,1.8076077298521926
4.746808131798693,-0.09360234226439568
-1.0744736685380074,-7.666123199331581
9.21320406211122,8.62587121984583
-1.2302392044276749,-3.0321425880088984
7.759617651577469,8.159712187686251
5.766626027822857,1.766783735808709
-6.1598352576918005,-12.692793553117978
-4.190197713160387,-11.771836538496153
3.284109085301335,-2.808268135932801
9.08730917898837,1.0581430247113812
8.208940746539847,-2.0906809177430903
7.231653747128139,-0.47438381618476644
-1.0354386076914714,-0.21904744738563076
8.804557692777326,9.823514162483034
0.7179222657358011,0.4375830664139406
-3.977629709129168,-2.070194540498713
7.93457662253119,8.773888069178081
-3.540818595075639,0.7354752788164376
7.359239227212375,4.988744888543723
5.563981941922721,0.7357170451789813
7.675384911371142,9.00659919411024
-4.2874092779240565,-10.034689846928392
-7.853816128589181,-12.233340216608422
8.051689897524298,-2.340440262109631
9.025845855359492,2.9672879463865036
5.109893249728948,1.2504420929259408
6.827418265003531,-2.006272569832663
-0.49741213380799554,-8.341640877668222
5.758561629269102,-1.1078229115604676
6.4406151878324955,1.8527042896579127
6.753030877869664,-2.5073036919665244
6.663655324837795,0.714386458381762
7.893702327896052,8.266759911582055
-7.068511960384595,-9.311897272152597
3.6151801427616905,7.223757457712846
10.217180979308575,8.779028376398124
-3.094728728596709,-8.546553597525133
8.131281703562763,-0.9489107400761978
6.402405358492597,9.110166834946272
9.869721160150021,-0.2338493031928972
7.15768772539988,11.974538485418002
-2.6828532624531842,-3.358443317229579
6.475953450052625,8.772553882217624
9.459335714938714,-0.9836644669534338
-8.762191151724135,-9.893173121132152
0.6447181443676264,-1.0893159631874578
5.473585972824711,8.615862323013252
-5.904589669858582,-8.776343805783732
-2.7489252096514685,0.1847298990510926
-6.75227118751739,-9.004779775079138
9.898516869467858,7.727916868545339
-2.8937975104864515,-7.276516637843362
7.10568013548863,10.27017444863801
1.3039156134628072,-3.3972405071395704
-1.6915670440509416,0.20311664864930412
-6.450434980895448,-7.018409517820059
-4.088474827010453,-10.19694084397855
-1.6342241886237796,0.3663642566560479
0.6972590618423817,-2.184924312349916
-5.15340861375979,-8.017658797498939
8.288502474255335,8.063698500550002
7.4255227223854385,-0.07754023524134279
-2.970048096254919,-4.708212719861324
5.875284918602594,7.6715656247609925
7.154941271275987,10.13410581427574
10.03549245736901,11.039864541144535
3.5777479570632416,8.117244665337136
7.656833667260232,1.2558319785949368
-0.21093982533640188,-2.286879498934091
9.024196145647796,2.5529118267690487
-1.0097003906334927,-1.499259158058791
8.03157032483655,-4.174713856106347
-0.7414873062607388,-1.7000652649258592
-5.129158017067499,-9.10448535846299
-0.1411840039123211,-2.2002333978580304
10.111233827140875,10.676159860351003
-4.729461923318018,-9.132911647561832
-5.771400783140733,-10.135568512602076
7.454475913808582,10.081030701943131
1.7772006152554969,-2.4920151437630316
-2.5046877530847897,-1.1958965626014213
-8.14516950662483,-11.35968180952519
9.07648832438227,8.8645954301466
-4.375995920745469,-11.362724174813387
7.298665272911053,3.454003540006662
9.27958265898364,0.7097202918417056
0.3154493424196554,-3.1325232455749568
9.53163404847622,-0.4697737726969735
-2.4441423216878295,-8.941573851283326
-1.116729574346815,-3.881159783331353
6.873652919377157,0.04090289650510004
0.5593285904008214,-9.053555854751199
8.456558282432978,9.41804991099075
1.2288713923224277,-2.138432149230521
7.951263298682249,11.99474637004668
-3.5295706373330185,-1.279115997983431
7.063973787921277,-0.7432494392819908
6.661318678243135,11.396837957749502
5.1743288923211885,7.259514569654906
7.918047721829323,-2.6577471633583967
-5.752255357773106,-9.387782772629599
11.14178814605921,-0.8094303935480771
0.5484117855968538,-1.2896798774103542
7.783391618011812,-2.4997269147747594
8.080724516279622,-1.1798529588120834
-6.303081731256713,-9.869737626336583
1.8307117380636044,0.1425580912490383
8.373992814309759,4.201377408067225
-4.34256485256346,-14.967227766541132
-5.972049933638695,-13.1277569204793
-1.5905160649843044,-3.153664106654322
9.29398728087006,13.371495539761163
-6.294180307416322,-10.283469743569972
9.201020388658584,0.7999309329309559
5.786761012931295,9.522931533648244
7.096542861403726,-0.15977711391370386
-2.028403531330447,-4.508009042628032
9.25260520576541,11.977857517655696
-1.0413763108283627,-2.067618005141918
5.338419190636897,12.820267755382503
-2.6531729015792846,-3.021054400041062
-0.2676267861936359,-3.426424616035865
8.52039158823086,10.355893697763843
9.246350776744555,10.038597291522224
5.671737553709212,9.788317137284892
9.222233416877636,-1.239473327033821
7.1121340547075995,8.04293681521843
0.7131122573082989,-0.1334314260778584
7.147305107812175,1.8529824164808621
-5.076990868067004,-8.34818550653054
-4.627225082892706,-8.468752050372789
6.433384911450725,1.9998268466308642
5.061227778116513,9.606140280618131
8.659626041896356,10.314068368894029
-3.493934663611774,-7.199612020044805
7.779852985212051,2.988512025338524
-5.446297335051475,-9.329966811115872
-2.306805841240998,-0.991928693257133
10.934141999555516,12.69423179593834
7.625445711327231,8.269449858706455
6.046926808196476,2.3336969876374862
11.891739081394274,1.1306539893419048
5.13732511978303,1.5655586297022595
-4.9497059773970875,-7.256887841559625
7.74205807109514,9.37195605116702
7.798065653854526,-1.6566166372451274
9.697518315213228,11.744440775926877
-5.598325075281652,-6.792712889821299
-2.7135958929252793,-11.979844426077207
-5.20936546555116,-9.580849301912574
5.08590784996192,2.6204935657548765
-3.8243481083059994,-11.910336530950012
-5.659917439930823,-12.216316347659063
9.216223763970392,-1.165957432479662
-5.412153927076442,-9.66085490428951
9.920087909931857,8.263503818751536
0.7015270713646595,-2.253525986603287
-4.062529605848062,-12.219462900134761
-0.2853341515025798,2.6449999024433897
6.145095824352315,-2.0705576854341423
7.381217987797873,13.557999158436703
-2.4243296347305088,-9.992976610299975
3.0002665387473755,-3.5433506155081265
-2.655021619695677,-9.775320210597565
8.26054413127423,1.954094541949573
-8.855505315571563,-9.782538559369305
-3.816801615646253,-8.335182068889194
-4.80781301649523,-9.814637867958192
-1.048245273355651,1.4068589828211402
6.301678208206118,2.0669219130027927
-4.784585350901949,-10.410064788128071
-5.256368481651567,-2.799297939468293
-5.223611476458917,-7.891637051095236
3.1572044032056397,11.44804291304828
-4.2886807045519415,-2.1304610673143634
-6.617499304902296,-9.211248698742757
-7.56398787545688,-8.273433438387798
-2.8002428922855254,-4.100590112440463
-4.589605286946663,-13.314941316548214
-5.926504756593634,-8.423707058514688
9.59457406211213,-1.0712942241824948
7.1431937958505305,-0.7597629670939567
5.80343259413306,3.0660990030353066
8.126599123907122,2.188453723770755
6.5070237206965595,7.129077114692992
0.9194832909098714,-4.203172253115023
5.896740618818624,-0.45133759789863337
-5.48035901227178,-11.285101414945428
-3.0707219541149033,-8.29671660004437
-3.878140772244022,-2.6294174688128815
6.7845444292612695,-0.6827052201172441
-2.682012121726138,-12.024335977425546
0.19668902642313513,-2.052903322019105
-7.607387987033192,-6.672523259255998
8.429393107777456,10.807861330251157
-1.9655272646273305,-2.2652183463371323
-0.03171933918055636,-2.327825537263185
-3.649948304010101,-1.787410397644218
-0.5113822886173974,-2.6754764025565163
6.383271060576559,3.7734679478834097
6.954173582418678,1.152723947056018
-5.853858209824391,-9.306952684903974
-0.7673317106392585,-0.006024180693612102
8.525678754278456,1.4415605085983456
-6.772360384779519,-12.559470876320338
-3.605420500254378,-12.502503257475919
7.350398205247698,8.995268033900759
2.141899927250123,-2.201343407467972
-4.480179004595443,-3.50063001475797
-5.909091650339129,-10.70386926963159
-2.598873569688473,-3.426845353392956
7.8023490702607745,9.798724385989482
-3.5764942630302388,-3.9531488903007066
5.752788494695576,1.5462922556130971
7.343241436757446,5.296130949662275
9.883061382453189,13.92725557457954
8.144367900858938,11.026436641824793
-2.1161919009103327,-4.799817427860416
-0.6271695618147177,-3.7044284403242607
11.110876082155329,11.991425109281932
-0.7276933378563961,-3.196898526642755
-3.703104353719723,-9.516234174764424
9.21867519770058,0.24896425136377598
5.50443293238468,0.7740284791617152
-2.8636362211177095,-0.9830538387728289
-6.8145413369014145,-11.873639409286113
6.146185090770857,0.15582487685415608
7.928159360060791,-0.5702820808211091
5.797953252107593,1.8922216609989648
-7.080577403557324,-10.062582752828892
-3.287740123552746,-2.4839435385987545
-2.2294896977131486,-11.687134845219102
3.122481832903455,10.64556721639753
-0.7603328035721546,-0.6969059975283403
8.864625807112812,-0.8319216443507564
7.368307784602399,4.302737825113482
-4.0570963395760415,-9.542209334049218
-3.4388405310270924,-10.381587898319625
-5.548947417512351,-8.044548666374471
6.5102681594831004,11.082395326618446
-3.6290750369292812,-9.707394624196569
-6.513608095824636,-10.148074563305439
4.023261867335726,10.270969368342998
6.040925107962284,-1.5957176052881406
8.481424295101478,7.58280478930943
5.6386087731430194,-2.284820867157746
6.660328197068611,-2.047487393756141
9.32686947811842,0.5911197267593139
6.787042444211377,0.944973319931137
7.551470820853194,10.757285983523408
-5.324137280581023,-7.897055555964517
-3.8084351802889005,-10.355480127603379
6.081879870242295,11.405154681227813
5.717199136485634,0.5410987824704938
-4.476447365460332,-7.903170609113596
10.052652750552387,-0.1330322708724505
-0.38845930461479594,-0.8581570652635646
-2.953380703127995,-1.6824918376829512
10.122573024859797,7.636339800648577
10.265729013906553,10.625351608988293
7.9318693566611485,-1.1641245739011008
-1.0144054505451658,-1.0433214497832994
-1.777814981542083,-4.346280234094026
-4.661432569830835,-12.24174468429509
-0.2767549912760927,-0.6109131701988619
7.66786406478688,8.284364964495667
-5.017459081563975,-12.072890985090188
-6.795811409940983,-11.633936658230423
12.528306785831315,10.189259576417358
7.850814581765557,-0.9871059173704133
-1.0210012783718232,-7.241077453562534
10.64021624394236,1.869167535994252
-0.957836277628205,0.009538462443354101
9.78504079028988,0.8749997195587383
-4.155127611126691,-7.743836102968114
-3.2238485456573494,-7.342042156314852
1.58519039807264,-1.3901511518287222
8.897452555694336,4.006404615741207
7.944190510325322,11.387073397385816
-1.7298478206998453,-3.702524904197972
-1.4789162323976803,-3.329030092917444
7.24989325125015,-1.8122979832327073
12.82688687706678,-0.5024061897128775
5.443236942011856,-0.37260464073237
5.8231723744893475,2.840151152003282
4.046393388527177,-0.002035980108410551
-5.160222968891191,-8.471448354439717
6.2582840587288056,8.734753637714887
-2.701368062354028,-4.264017061972165
8.199958236689506,1.8939730312335321
7.118748331133167,9.035629230843965
9.187840594068279,3.280236105823883
-2.044854898860404,-3.226792635079857
10.357908951207483,1.2624477197953188
0.23496900163153644,-5.100374052503339
-5.081914090863217,-9.101993313732319
-0.4481156088832916,-1.469623840044462
-3.925972591374152,-10.963423227350596
-2.6435794315676455,-3.767815700553359
-4.654713863434356,-6.909111147525589
6.051661423758136,1.113407077658685
-7.784172666097664,-10.362909449241345
5.717588269725141,-0.046643441541512676
4.763856587646934,0.9555038422804838
-2.9786421094383284,-12.53334992209195
9.891035570888436,12.560940781489965
-4.69903668337954,-7.440636417248005
-1.3962552016091798,-1.327794937217015
-5.428366841506479,-5.737211016487011
4.23334336534664,1.8553740472643636
8.661360674069282,-2.2301305897599013
-0.12689929512338982,-0.1819285061446827
6.1294986787402275,1.9565396699924253
6.817497733361995,-1.4894420036378668
10.156261737234331,1.4571097298410334
-3.897524271730927,-7.230962918512363
4.129789222744886,10.382668873326315
-1.1444734542189392,-1.3362713592315838
9.804705694969737,9.249655174200365
5.384808533616276,-0.2271947182442997
9.296067725370028,10.192796996407433
-2.79601593544791,-1.3817422170983844
7.364801648345154,-0.916557650069761
10.450050784362405,9.404882804951002
8.093436029657235,11.54824423114703
8.118376755809093,8.519373568576713
6.841775659084586,3.0653511855941558
-8.172819822723845,-12.575654247604064
-6.492350467095233,-8.735506291356105
6.0079579812096595,6.412961584436161
-9.238888190682488,-10.095621776990114
-6.441250701803798,-10.331798621642609
8.435920739206585,9.664340403859585
1.6644042269450727,-5.264432565428506
7.376099826547173,0.22842766746246407
7.291923674534066,10.73273600082942
4.760779913484946,-0.6757727863687244
10.500108368251254,-2.036828531327003
5.13756212737581,8.230968571985615
-5.987986134165431,-11.602894014021535
-4.877467769362184,-8.509053595282834
-1.5218956451069148,-1.9627793116955243
-0.5886637494023201,0.02130729189793934
7.07174588667699,6.931012848707854
10.195328251707014,7.572898280164877
6.671335031888242,0.629602179869181
5.180292670757222,9.487386178802163
0.2780133428296525,-3.2972909328124915
8.691763495874424,1.1660006592086756
8.500128029677658,-0.04038105390285107
10.499123114011498,9.503359255107462
-3.8462642370922646,-13.08160781253994
0.9486448072883,0.020445621049143714
8.767633903825624,9.049194559669678
6.5015001794980165,6.712994601774879
4.85436814432051,1.340295358486423
7.676756611695098,11.76558837656121
-8.939891532949087,-7.247725522309635
-4.878011888848967,-9.560694124347245
9.144705872269707,9.165635049028502
-4.279370549166583,-13.013647907857523
5.895244045242632,1.5252622275791492
8.360548059044286,4.1205317059528905
7.3969938962958,9.869519144681286
10.951484995541515,7.076007176152999
0.3396493237045457,-0.36922465978939645
-4.292602297639242,-8.793070318051177
-6.4600931423013765,-12.424002171420302
-3.101948177963717,-4.299615649865414
-0.7918477447731825,-3.2225830003194775
-4.157249505658767,-3.35296137621913
-1.068073192388408,-0.8218964784648637
5.308176244032172,9.329122531268846
4.624074600389512,0.47656579535026766
9.450198829348771,0.4418541006747926
-4.004028900666346,-11.064197941342456
-2.4069869233372048,-3.462977054398637
-5.3769763502048145,-9.711122656912208
-4.43405244915195,-11.123330502670266
6.555070114881123,7.985653695909455
-6.983606229965365,-9.468904074137438
-7.226286267953963,-10.407933004276359
0.49957544125610087,-1.9507160432682555
3.9242873927290445,8.78227028305937
1.732502115776235,-3.004864583713613
-1.4410487285146252,-1.1210220619618467
0.816905782006812,1.3161284882330664
8.477748541793607,-0.12224913226749046
0.6204511806484918,-1.6348259527520814
6.346986474993625,-0.33380746396551964
-5.491259054040141,-1.0963448044281963
-2.155026179379157,-2.1250703709035617
0.5592864652934535,-3.037473188044217
-4.623978675972015,-7.581923476736021
-5.358111002815055,-5.894720851342192
-2.2546325462899723,-1.019594475358529
4.355916071942218,-0.03559384689307532
-1.464444129849825,-5.376363825345463
5.194697576240204,3.665993638794461
6.20742507843555,-0.3954549626523287
-5.659267925058704,-10.882072230630065
0.34695787229884156,0.48506466437701734
7.9567583210017485,2.826128708006422
0.992624124983883,-3.595370820958431
11.428960827662085,0.8332265292167625
-1.898621335149771,-2.1190162374147197
0.4430530611544261,-3.491842516920154
-0.06304986488906117,-2.63399499195163
-5.958846796032153,-10.72949699225203
9.22457553783229,8.911089903809602
10.375692973942174,7.943353710331348
0.898240126131709,-1.9505372335280668
-2.47556306271637,-10.57115899980964
1.6351764637616206,-0.600513884893721
9.487876654995599,-0.039715766979757205
8.319949151109585,10.809657214111603
-4.140564578341961,-10.497996552703036
9.100909097913469,2.6300188386841485
-4.890897127363663,-9.257565158558652
-3.2436343537852297,-0.30917497979386677
-1.3057267461731872,-1.2992091372449432
-4.608161612679291,-9.275897919768651
7.214449578468605,12.921813645151188
5.006413956337335,9.225488064125766
7.6985612709628315,6.9389812887737445
3.666324498579017,1.6856198073428146
7.253945997858237,-2.381183665126192
7.471074145916314,7.712185207928497
5.448643405960539,8.905531387409944
12.072228061407081,10.330299653650542
-0.8912258633385604,-0.0008922524858501202
-6.735926130102787,-9.097206055854691
-2.146852430343572,-1.6468921933721359
6.322879326145492,2.750358211703638
8.430126890865974,-1.243522831547651
9.002264515708383,1.4791326094166206
-2.5403903019202847,-1.959657853922122
8.389415477887825,-0.4862682890939969
-2.527349208759722,-2.2547516166561747
-4.225368101418233,-8.580972871196485
-6.652554747359712,-11.635464626148412
7.350798025354439,11.26551326149358
1.189826684754049,-4.047925199680256
8.79082042615339,14.128110520594577
7.886649487516977,-0.922597344603669
-3.0281852014248614,-4.376757134921031
7.1814394985806285,9.033304015665134
10.853874431896662,3.6865625023003155
3.779884275245615,-1.9607328787684115
-7.758002681596288,-8.922741926599455
6.281615921235876,4.596134197017949
8.858728505529863,1.3588457828979186
9.067530345900952,8.782513614083367
-5.182001951717453,-4.419313147806582
5.633641915708834,8.687498469470695
5.7131341225808985,8.42981503176313
6.803178595400009,2.5049681598547777
9.644232048652494,7.737601441551058
6.661811544430097,9.164942537281462
-1.8610529883411384,-6.15432334200186
4.720830096394231,11.41717938474155
-1.6363362714259457,0.10629196106353112
-2.9911966501425358,-0.796797918789171
1.7346486579227771,-2.462789181925487
-1.1346664172112464,-1.9822216373046293
8.32690319513183,-1.4853933350264397
-2.9435724738978544,-9.182502594712155
4.670593266779852,7.343329824135466
8.826499472092586,1.999790157610513
-5.984708324177704,-7.415887114690065
11.942437141180513,9.635250608871775
-5.57955363292952,-9.63412795055881
7.2302072713171714,-1.598414063033573
-3.654828786637938,-8.553452931749941
6.549573820586867,9.061992398414036
5.020358749547763,7.32354131284478
6.024253154886438,11.62145136731884
9.02983864884125,7.307238124555879
-3.05785896645967,-2.546537128708884
-0.7303363925241151,-0.81702434752789
-5.019443628814962,-8.790496436750352
0.1261243211969134,-3.4750003968784826
-0.5115478041001591,-4.6759989561414805
-3.1666774110650957,-5.630157946121531
-2.083504926161406,-4.500212311532188
0.7642202825656228,-4.939811522890571
-1.9543094349504375,-0.8035224098910121
-1.4807570591986843,0.607332508571961
-4.979700835062551,-11.597774250627959
5.864917828400355,1.0307930085163848
-4.369186709192803,-11.380646346004722
-6.318050839524315,-5.984734426405417
-1.224914669589886,-2.3936398207162677
-4.690740658599532,-9.92704431652107
6.956915140261373,9.277945252640228
3.6631618067876968,0.8598482934944205
-4.6406152113242936,-9.291806867854548
-3.3093006760658956,-2.800375603674562
11.239135222155767,9.6320108326776
-3.1527088227312996,-9.952415520678336
-3.0527811367459012,-0.9621668549210447
-3.1490994569886457,-2.5611280100786784
6.236885699303823,0.16299195092743585
7.394701949880973,0.0133536581215421
6.293691167451115,10.435971448609711
9.73154609230272,11.127799604535884
9.749503928248005,9.189898858384193
-5.80671777841484,-13.785577463704584
6.751848668307544,1.4575148262955633
-4.801242789888118,-9.111706477508763
7.420465579671555,2.243720589489361
9.731422782206902,3.119764061126002
-4.207576516629343,-7.987697476384364
3.8632070139046086,-0.12560356432376163
-5.947034781191341,-10.134929591884195
-2.8589999873272727,-2.165404994333071
8.819298174690513,1.7102214398275977
11.092745838192027,2.2382757491302847
7.565635162124961,0.10771339887538789
8.117706201959473,-1.6496113433840196
-5.027612417958091,-2.4433208997629796
7.676970975699959,-2.4819545524321955
10.606336446678903,-2.393335942259236
-2.496442149763879,-8.80106005419674
-1.6683882637477951,-2.196658862411391
6.173323178568543,-2.7071134194776514
8.901369500961486,-3.438102479463682
11.453561441575506,9.264184245499928
6.061556406914166,-1.611652827469149
7.732130516743195,-0.31732433040037766
0.994903440890996,-2.919963378391934
-5.215162423150302,-13.152694890566488
-2.907675456496433,-11.815705402798656
1.2583462405933914,-4.849339726211788
6.010923852134456,8.457499364053037
6.869552581595248,6.163965561444863
9.373767237907206,-1.266376290531811
-4.947617701418878,-9.901481326381294
5.095781639322599,2.8298628133260055
-3.6030023061587926,-7.0055829924291
5.035154407112263,1.491110206969409
6.106415519486667,-1.8776484351267504
8.3283532341179,6.946050147292912
-6.274388461203154,-8.383112980092067
3.2980715899039117,0.36964212445831235
-4.875889412017176,-9.971131038334917
-1.3271088848522634,-10.494618323907456
7.355316342077892,8.39599002844217
-8.781777001189468,-11.218899867867025
-7.3087875862689815,-9.874371039484867
-5.240477972877463,-11.532995989406068
4.982360656692446,1.4933172070203327
6.57957410399865,-2.357846075459972
-3.682381494441072,-7.604560597264472
0.8693548218191549,-2.604693030969854
-8.177665579170084,-9.46509757961139
7.142179475220148,6.2211457860769315
-7.121193959449373,-8.483155290851819
-2.747015770689647,-10.719071818603611
-2.197932565008637,-0.5401804604206537
7.538512060868875,7.128059319510722
-3.5039606946744426,-8.47741022153839
-1.407569458105327,-8.658789534422343
-4.016793729573501,-0.4691096120761673
4.585399489744382,0.25072507745586
7.943535941707461,8.458800543433732
7.072092916457187,7.07367018412003
6.26418427608379,9.003081399266463
-3.1652727846479447,-4.274398796126505
7.72723188825063,9.506802250822824
6.310942327567209,-1.4986268256838797
6.915788544672749,-0.3357273196122478
-5.83400381337184,-12.72406887485138
0.6251242137098743,-4.103626014976175
-4.359311947572115,-1.9596392147906836
-1.599850270355925,-2.928879515550548
4.839168385487909,1.5945572676588275
-1.7978850725977804,-1.2315058778149433
6.79210029199048,14.59248522707965
-4.1670122370643226,-3.456781776431588
1.4619762095603512,-1.650901543566621
-3.1400137560576704,-9.76356252004602
2.498658106024742,-1.9149040488391806
0.9102123990724094,0.04197782259129412
8.451989875535006,2.412618213291693
8.394548621152785,10.246913344077893
9.545277210611564,3.029629018291585
-1.460848749660269,-5.103661009496007
-0.7408794035668367,-0.3459777522622216
-0.8949819166663313,-3.714068235063567
-0.24650042455238497,-2.21786393549322
-1.1550558161170354,-4.985045628753641
9.795728509773692,8.39228072170225
-2.6609761726437524,-2.5482721509806385
8.803894799302178,6.637074718205301
-6.366554372646718,-10.100029146695984
7.601770295252134,5.146603743446531
-2.973531602089025,-11.63204322187556
6.69394289525176,-0.24288614385168528
-6.586701855081712,-8.573020322044162
7.327675995926591,3.51816663752646
9.888177158056177,9.61885737297496
6.64894877273915,0.1706360576139334
5.571116486068989,-0.6142760775305423
6.845866847190363,-0.648939146780698
-2.3402572341942305,-0.301769070440008
7.2598574873366575,2.090611413813636
6.7957048592036475,7.489166796123362
-5.429008078566397,-10.291987269815971
1.0488296959201504,-0.727636388774398
6.347010659999247,10.059299668903995
9.579328783740468,2.897975567188791
-6.415240169545264,-10.354121160374438
-5.46609578831675,-5.745672389264106
2.1277033787197186,-3.507538504799801
-4.363138571601461,-8.522726870714541
8.457744778666422,2.3005597211133786
-5.657222336659375,-10.918674580710828
0.5484930061976283,-1.1674596248400195
-3.4756523251025238,-8.139225554713512
7.803801084299791,-0.040386744178852796
6.994270329259849,9.03997082064651
8.445684110935208,9.06682328285459
-4.120680673554947,-9.602553926702747
5.89940670447004,6.9394742936575575
-5.6671672856287545,-7.911729964516116
5.756543014568014,9.965072612753554
5.167239491986271,10.569887614458196
-2.447056717152234,-4.128801503483877
8.968612969944841,3.3035497986889513
9.935536311794692,9.782183767862854
-2.9734019717328435,-2.9266423127382497
-5.824447550975165,-11.505191597242334
6.197971276374611,1.36583119392476
5.22226490483553,2.5528310003139514
8.681307200621626,-0.9640900185790977
-0.5457658539950029,-0.09617784993661771
7.653561413521649,8.644226523339492
9.634368763404709,11.251048419732134
11.351026595001589,1.614188573497245
-3.9082138993264706,-9.390359995670732
3.0057514446897926,0.07866181694343188
-1.882146672661202,-3.796695427904818
8.96610687614971,3.8546523643294637
7.612712769946585,1.9225124364279418
-1.7880301601439241,-1.3039434482981749
-6.172610921150817,-9.265253621765469
-6.196111390367195,-7.915469755938703
-2.200615600966778,-3.8078782213615003
-2.5221811106605356,-4.355078531652957
-1.15189838731884,-1.7139026546396998
-5.051590536798679,-7.406041065345545
-0.4239954369948483,0.04943924058614835
-3.878847272200037,-12.108345425093967
-2.6116076649460167,-3.9028044187674036
5.139710891614817,9.086708800403787
6.004744807949145,-0.13502005108467985
-5.948323713779431,-11.174753812101383
7.806375929829491,3.586389911845505
0.18673971222465346,-2.1650228920881127
9.753526434611388,-0.023769807170172297
7.160188077050012,10.492045840699362
6.768257560396569,-0.47535158066591277
-3.2300611718407413,-3.457801464933768
-7.342675829774079,-10.205506294435912
6.1568169989234836,10.713453076963278
7.273763585832035,3.357027078619491
9.153499359467665,9.323801530927884
-1.7099854698511356,-0.9022519516101435
6.582768056440048,9.771418266120516
-0.07908725663503602,-3.9742385491991534
6.8836217446504895,3.34957123248877
6.1611329074861345,1.1273041750330375
-7.417845745863569,-9.9046686575002
-2.1108790857364657,-2.789257163571627
6.827476451169492,1.8521620095506368
9.875484286058033,7.641235470398826
4.505805867153553,8.500439546481116
-6.934535996030962,-11.792424462001605
7.352149292740848,-0.021609903198381297
0.024885416634683466,-4.795822810352515
6.827692155597621,9.483232046905902
-6.139812321571667,-9.433736392551703
-0.3435729807035728,-2.651489598434407
5.655052616050919,7.659807962525954
-5.944036085721544,-9.95032078775772
9.556798174066461,12.777747208794304
-4.973932953001973,-10.449342373494396
7.796977669495253,10.033854372922018
6.113570357917414,13.035554106823872
8.403769540678702,10.107953513725132
1.9160787366325351,-2.339583838827979
5.957945763262654,9.879780680281362
-0.3407715019617954,-1.3247698568507165
-3.9208709522918954,-5.304802967987985
-2.388115040991904,-10.033358296539037
-3.285379679419179,0.5534224785708401
-4.470549746328185,-5.479451753233161
-2.878874177818629,-9.641407413068292
3.9423937548925885,10.77272254151291
8.051251290085974,1.9049676944572698
-0.3444354904332305,-1.913494097351327
-4.141499028518182,-1.4139805303266144
3.2895769805885466,1.6758083382537006
-6.933058440417064,-8.177305907321585
-5.465294196407968,-8.809824523350903
-4.425653105220932,-11.086207541030467
-4.853258693326839,-9.02741278275753
-3.99914451369004,-11.623341566347644
12.977429909269024,6.747099602435187
6.779434619248903,-1.5539193902775024
8.569752441273057,10.554602184960395
7.200724886179505,0.7527968395196223
0.17913617683541894,-1.2035953188628314
-6.7491171508671215,-6.194643789164626
4.725314283628876,4.032337358718178
7.154649324756515,-0.47880804097034946
-1.729148487039663,-1.0428712139707348
7.927614257842583,8.138841486074943
7.210386971055273,10.189097581925985
11.234923669666285,11.696584076698867
-7.204107278418337,-6.446090146396687
8.919373897800275,10.848789028289485
-4.765175641439264,-10.181406283979133
-0.9811080481374961,-1.028615065713307
-5.11749845616227,-9.824435206574067
7.349040420180928,0.7885884825751938
0.9447877744620943,-4.616925977919468
9.120931083696268,8.389752705086682
4.190125490523447,-0.23670399133018216
4.08732819659481,10.344730949929245
7.568532379529389,6.471097401028391
0.5073968695443234,-1.9620477422401894
-5.075366293164462,-10.420819726379895
-6.611214231816958,-7.637271323674023
-4.8077566405631975,-1.2698591090521931
7.347529291916599,9.411880045457494
9.115824990135415,12.606663436294177
-5.572533805765861,-10.441652871421
5.449396061342408,11.098710956412916
-1.028993250195282,-0.8167226433980181
0.5295997545132247,-2.542691326207266
-5.219735821848715,-6.466767325130027
1.530633606568348,-6.360952871926577
5.053232016457839,-0.8508690496298421
-6.1233486402700645,-12.162118495049178
-5.319292023013328,-10.741996297256737
-1.8541736919088612,-0.982793983489321
5.660163373373388,3.951692187878414
-4.104012508023953,-5.105388202916742
-8.229804187093528,-8.586021522124568
-1.7222959866705172,0.08314892772585791
-8.247160870774167,-9.31554587627085
-4.661469633748094,-12.127056343616156
7.261926532216217,0.6555177345972264
-0.4297210434030967,-0.9779944448647627
5.212922340378682,3.623234783397991
7.336559207562984,8.963859953423006
7.788768029517801,-0.5765225044763833
7.161591016301524,10.978990619433631
8.149158897335932,0.6878545859292399
-1.7104415064498277,-2.2615142136710946
5.289047776321157,9.596926518886164
7.416191703800944,8.41917664016965
9.005541198779156,9.92409491941343
10.532241976043666,11.181781920998867
6.3152257871018795,2.328112227240232
8.605620073129145,0.12429733616941235
-6.692924475465325,-10.721030611166839
-4.362460663998472,-16.644885270816722
6.715940620719717,8.23321462366685
3.162189124488455,-1.9741084403824425
-1.6923756840326278,-3.3862847493235355
-3.6011932197612087,-13.408663787170983
5.18139214214783,0.6263952829979706
8.034357162604984,9.699266470876342
-3.3469820016278335,-0.25050285566373676
-7.042398916405327,-8.789625990531498
4.779481075473844,12.075660607964247
-5.118233827860221,-12.24075446056867
12.04974504719334,11.440959555645264
5.607984824944522,10.456839083590442
-6.8148094258419585,-8.956239531676495
-6.922665156430445,-9.642079203395996
5.888811214279265,1.5088458300950722
6.787542629172918,7.945905767725234
9.228894054796594,7.22212435274991
-2.5436608635623865,-2.113484483475078
-2.8177321993310924,0.7401599306694937
-4.429375505607831,-10.590493690051147
10.631468028719736,-1.5477713467482355
-1.1718208569967812,-5.702573174149369
-4.599119324238651,-11.50359951095167
2.63357065076731,9.334380074214643
-9.985875913017601,-9.277675757898223
9.997553414490264,8.30874526606199
7.5537479223714685,6.464307361781154
7.939212130188249,4.856104599262046
7.114107610378664,-0.3025760727071336
-5.76398366965389,-10.437041989533604
-2.9948761538166284,-3.0445887469687314
-6.105340311210199,-10.57370534619691
-5.421108420225652,-8.831801301360688
7.223724056340934,10.649074444297778
7.808632180943376,11.482316579274329
-1.8891547772478776,-2.7167211165369993
7.060927571881531,5.976473079625119
0.5218428422136419,0.9788483035930358
-1.5527463202259124,0.5166249202108326
6.567112042604215,10.744827557769954
9.898894442615731,12.35318833190009
-8.289740205321994,-8.215717439545054
-2.13351833240487,-9.356078963125329
-3.44729816211265,-3.4589089041421293
1.280605428259555,-1.2211851548754606
3.837609998195968,-0.21304486557466862
7.6997571291257065,0.24278954471665143
-0.7203571877587926,-2.5589653015147986
7.256586862800123,10.211101810509879
7.759211960380213,5.305451459360188
-4.919037574555036,-11.002531897825241
8.792702019929527,9.270177237523423
-3.018579723058788,-7.115908636456049
-2.863549393407673,-13.673789057613016
-4.002817538559188,-10.205107936640202
10.225377982232757,0.9742185859056238
7.600980838635477,8.96654867227347
-5.607213920955485,-11.467299690216239
0.26060147933124167,-3.1413727097140907
5.941618719683291,-1.6918972005077388
9.905042740841154,11.875528311803812
9.433737684303402,7.1685935555786955
5.2693556597699605,7.768150497892676
-2.43661107839033,-0.3385988969197937
-4.10680630623897,-9.647039384807968
7.005491886236928,1.0631740914655907
-5.509868012701385,-8.431780396194599
-3.65359294803136,-11.649277777338725
-5.566404146172865,-8.460364525164202
0.9507358710467257,-2.047300389959889
-6.3187792507862905,-9.376478158755152
-1.2603329082553858,-1.4844569651448745
-4.494335039912954,-9.440739927027112
-6.136284359929196,-10.18497769947903
7.237341869929778,10.41984965396226
8.22791961732128,1.8042586927575548
7.440026536505425,9.445688009967812
-5.214891304862832,-12.359783124199659
0.19219692468153582,-3.3289784906846185
-2.8873655508108604,-9.082842984037292
5.695675545638688,9.261942218637426
4.313666966408789,1.3082615229112329
7.622349499600862,8.232193469283606
-3.9149899167051387,-10.511160272443734
6.884767616354351,8.503862980889238
-0.011392839579303704,-2.395156936936596
7.0077657029227405,8.014617657321132
-6.527274261779825,-11.918437747505598
-4.451323824653947,-8.302481768467505
-7.9313089838797595,-7.475470695956226
-3.3804838524258924,0.3099410670158371
0.9555783809599605,-4.129095512716452
-5.803317373814321,-10.015620660839527
7.181679188290349,1.1038080343818555
6.8728119411648025,10.221567739265017
-8.085892415062984,-7.784967833839933
4.920191689436364,0.46025239346512514
-6.791038100174832,-10.475434504608094
5.911368706905568,5.796137492642955
7.169953629339191,11.575770223655322
7.294756002669844,-0.39007231641909135
-6.174202753199995,-9.068939287479392
8.522015676933318,2.2839735509341885
6.158659718329716,-0.8233395687067111
-4.124913976467422,-8.179892210932572
7.372968272314389,10.007914464174926
11.046305966660748,10.847699734161665
5.4389759596461715,9.965235517077673
6.325973143646648,2.375749221311442
-2.5327605202145573,2.527457575953222
3.806752970373677,3.0989717886588264
1.7261764258131942,-3.5320405122522667
-3.040272822888078,-12.646414925388072
3.1549769365103835,1.0507539141682158
9.043640483963186,8.231708543315968
-1.6614077568430057,-0.5335074608245893
7.535962398065395,-1.16040244922716
7.013283732628346,4.6513421945872535
-1.9836187264504688,-2.193315329741373
1.1120286144207432,-0.8891981883039497
10.40638685404658,2.444732501594543
9.378981849558244,12.334638094465067
-1.942314014112889,-1.5074536578448183
4.867740688821893,10.405877570097173
7.675940568898733,-1.2644950086666875
-5.697513980814973,-10.413394636979923
10.304021578431898,1.8516967479885023
6.898091492836647,3.3457811891495974
-4.9552769472249,-8.084711983394431
9.572033918745099,9.953743107293583
-5.219681860290736,-8.867514248879372
7.583242756966748,10.282854655582272
-7.2838075229253105,-11.75403690717776
7.621267370107206,-2.4404253304538392
6.8771681560929725,1.5952172950451233
9.282542039231474,11.6939929821616
-0.2041862104919978,-0.6283069381657107
9.110162476663582,10.499247977382325
-6.050239556683798,-8.59345083614574
7.02284300650496,7.021148846888757
8.15486931981655,10.432259502184959
4.782295785248205,0.7538912530284315
5.180751642452714,2.1649524767482715
6.825134408009324,1.490983054602793
8.110311483272241,7.656924184886547
-7.353655381425321,-8.89894891148819
6.819408912051528,10.112569805822247
-1.7244614142608758,-4.573367108826145
-0.4361172332202192,-3.793504470058393
-9.682036584544996,-10.74419288789255
-0.41991638099662454,-2.8604004645697225
10.20041608273589,1.1703307597275656
-7.894852053563085,-8.534807791429012
-2.4853793633092796,-1.9201274247661333
-4.417066355421756,-6.398250495054223
-5.679487298683376,-11.788725016890535
-2.752854550155569,-4.464719514672591
-0.690581902260711,-2.278196116585122
-8.138593966784267,-2.09829729741487
-8.614064721773465,-11.589875587343915
10.982521623443468,9.009871358404514
-4.860527871473597,-9.01570400352561
-7.410861571838792,-7.908722824442187
-5.4757623978397385,-10.236132158908275
8.173485418397583,9.094744542108904
-4.639396959261298,-14.519349957855766
4.5472411398259025,7.639188036369601
6.833012639003433,0.48098386520068237
7.587704285742364,-0.4080813539016557
7.225664613421932,2.308317875931028
-8.818213689352532,-9.932710188544537
-0.6626938855728662,-3.403780255056314
-5.457203922954437,-9.437734315754705
9.608135740688216,11.524583632987753
7.753766953821932,-0.795711319832199
9.340392579858323,6.542880691119688
8.989271699893976,10.474272172058342
6.79936840434498,1.5319833549237662
6.985008930170529,9.105410999109528
6.602751729041389,0.9926229420688363
-7.341260872719706,-7.862687907136507
-1.0911097554829752,-9.797392012992436
-3.5239367930464414,-3.4462347027934257
-4.027812038446573,-3.0605281307193097
4.6801266350607165,-0.1941606404157714
-2.4807642848238016,-3.4829944991028006
10.573920380671694,10.98551021945447
7.964401936581038,9.40210210486901
1.1529543399575233,-1.6930193686870287
6.444434098439811,-0.4558390821235938
4.893898494711996,-0.6538722509812258
6.183140523988201,10.044924191439476
8.033161647386734,7.894846105685987
5.446599814844275,8.17554941116725
8.872671180396745,-2.424496036631405
6.472340078387973,8.069972298168583
0.32413280879122497,-3.717596389697757
-5.169737839094881,-11.32021180778643
-2.8822668351002836,-3.4500290236245696
1.303941688490522,-2.6836631624906127
-0.5570870635343048,-4.463401117638092
8.885604674025405,3.663121646148908
6.262583088904282,10.757362287023307
0.5173909932211773,-2.40263202974585
7.776134270700694,10.490328017644446
-1.4244980625962402,-0.03796932794430008
-6.5364642627258895,-7.687415656765862
8.179064319309493,2.1853928744689606
0.17341957325291668,-1.4823380566633737
-4.194264362824656,-9.685626031070395
9.016208591310557,10.958125929077696
8.44652500796025,9.890434014161787
7.205667814968697,11.325262090593945
0.3072677891236526,-0.719749344128541
8.609979247658163,1.555935947951569
7.86307359371461,0.18729565244264207
8.008314782675134,11.07389346591256
-5.089370944529796,-8.211995515458803
-7.1346717703546005,-10.659744349052785
-2.727044019604786,-6.061486505553735
4.7075500372836085,3.2909941015293196
7.457998634001998,9.77665479746978
-6.428705488045918,-7.552237949528538
-4.282471701852234,-9.172750812572225
-3.937003365937505,-11.563107882435451
-1.4348892848037496,-3.3591788415960204
5.805534386694901,8.146019757438907
6.814823486421359,9.224553187035136
9.357271213190245,-4.271651342894735
6.001425503717885,8.431420521622663
7.440361943272972,-0.3949948396866756
-4.3335526328633724,-10.173736325241109
-2.009907424100695,-3.906961480278105
-7.364666451780097,-11.157930946090653
7.65419779929352,11.342460473657074
8.351911238328473,10.981786036200138
-5.423698543450939,-11.013196666978274
7.353177974314309,-0.3740681002456474
6.105106862878072,1.6375987980897477
8.363306502406223,3.591546008501353
8.063774018664603,11.575734538200813
8.479593756569928,3.859033102923012
9.719562906789978,10.669414623718618
-5.073280265027301,-8.284161071677099
5.889438273146878,2.873407997151912
-2.2404442573480603,-1.677947726146955
0.20680772567464412,-1.6110699203603553
-6.773782778381383,-12.001560278607236
-4.101378375678987,-9.04725166915867
-0.4232878452085801,0.09441094073258727
-4.537607003489786,0.2664961952115936
-4.69550727132079,-12.742476319750212
5.794316393375169,0.7075289861426504
8.495961492588908,6.7729469328207905
-1.1419025445831033,-3.4806559797545162
-5.771676589425234,-10.784800269877993
7.722969993224303,0.41160600740078557
11.401764844592023,0.12471885013005596
2.050186312131511,-0.4459768420487349
8.381810768272393,-0.9549198450098484
-7.450107626909916,-7.958755695468376
6.0166749367761,1.9559944937993894
-1.7454846564919555,-1.537744138934631
7.526357893760109,0.3854778581636976
8.468894254505631,1.4960927300020215
-5.53454597548239,-9.191551772726832
9.015774652360996,8.955393064544586
6.58020447809816,8.245246820012794
-2.8249257931473633,-4.376530099662098
6.510422517826045,13.522395595598756
-7.124458508705368,-8.184967801713412
6.075566668670614,0.10632400604469616
6.907771645738003,10.537603467881322
-0.14259381770649715,-0.7493755028887388
9.966977752257497,9.643022168091676
-7.404255198731393,-6.653269622228741
8.099372141265478,3.8018283579493097
-1.4090479599135166,-2.527928070397882
9.892951482041614,8.278298221175817
6.68710788462542,9.958610683102888
7.859849467456877,0.967016557922056
10.065131492866453,8.972148156741355
-3.1179629336862247,-2.1009414998939633
-4.703880741997903,-7.9960452122020795
-6.553762269430977,-11.194056883317069
8.892230036443463,8.845219083712044
-6.085127864250544,-9.157556375267953
6.626933839239815,1.1239973140432826
-1.4373699765853234,-2.6852561128265804
-1.2510924770217728,-1.4555447642941357
-1.1023844684120898,-1.895147928578836
-6.953815612094928,-12.223166740206075
-5.6795402476089265,-11.915575362851657
7.954087200400177,9.715612738193625
1.8257324741191834,11.42197355694764
6.713045544763003,-0.6318681355139719
-5.4463356509959695,-10.350473873817661
-0.6250486695496305,-4.657934217937347
7.771563013308519,-0.01651906189993202
-6.6955078177904515,-0.3756871407261009
5.697512589646692,8.396448432797314
5.138349243977897,7.654842873810434
0.7318125863031324,-4.172070287957531
4.389155713393116,9.724391247568828
5.182859866626629,-0.7388444452260245
-6.453009561060231,-7.851121986858506
-5.139582218242187,2.3908328700963235
-5.29855614082924,-10.838537504458799
3.890309541359784,10.14444482024166
-6.335782409029576,-11.080479940225942
-5.372551574216095,-9.82040236852419
8.3862077612607,0.9503726173785587
7.641696879357722,12.749081012923806
-1.324609652179998,-1.3625508745593273
8.536161384822902,3.947578815559332
0.2906175559470092,-3.590770465561909
7.438002083935161,-0.5759791978749689
-3.663325458235713,-9.561809112552258
-1.9269367156194934,-4.769330822832308
8.801990379906927,0.26678539410428204
-1.4622096390278343,-0.5636476002658031
-2.3213206816842558,-12.780558212765888
0.4473650453962197,-3.3331305718167163
9.720661001227773,3.0135061491859525
-5.899131004976665,-10.473760500510922
7.2217106316754345,10.941498023863412
7.210348380752453,11.10258258412539
-7.842344031252159,-10.766977646757699
8.071629865586264,10.04545215471652
-6.671203640733148,-9.434471648734805
9.427949234453301,9.86406037507588
4.260863569744657,-0.6909075407871721
7.429712170843517,2.3008323165229094
-0.5694659231923032,-0.9656625342910544
10.507159122658889,9.773627370286173
-3.5702142305631406,-8.523714659408643
6.9020842428369,0.7736702463643375
9.608705130380256,1.336610940822406
-2.1061085965645265,0.1947202437165263
7.46434695091336,11.653402738202143
8.966422792160197,-1.1140111626664577
8.802935514366208,11.268878958357153
8.036875213813351,7.678791336867984
-5.930041117449785,-10.829063205976713
5.6015745398417565,1.4501563434112235
7.84907942769864,10.649320148064511
4.33210321934572,10.724250708396427
-7.256576264325809,-7.9056011673028745
8.95368810266789,8.143444167106823
-3.080002016303191,-3.015239777654743
7.51327313350761,12.319411798103229
-2.5857489485105063,-0.8682894133148178
7.824654221170506,9.94233755553309
0.2672146710784198,-1.7673026652485355
6.72937708059232,12.897314152772182
0.7497950598996797,-0.9510127606799179
10.673143680281562,1.9183903512236267
-4.047116580238493,-10.832393601493347
6.749865284862611,9.650191318413928
5.904154035362247,2.401842318137768
-0.497779799645397,-2.412934871036948
7.673308503864895,3.757231784070393
-4.255163927576029,-2.719244612198295
-5.8717754236150315,-9.753057886961857
-6.996771609491164,-12.750997963785625
-6.3266023279480414,-10.041499896449372
-2.747379792353022,-2.6635049979463763
-4.945851160814679,-9.055688590433864
-2.9976305576131055,-1.6349543849558064
-7.014982753511063,-11.767568839968792
6.8090357760806635,6.0637060037119355
4.706962719830643,9.560360605698675
-6.3332189047162935,-10.814521039083932
-4.665719719670539,-8.668597717683548
6.661969583080846,6.799866865690557
11.911032661457664,0.7317705548741122
7.412310641122694,1.1489687931716583
6.411574315577896,1.3737027940489739
-3.820915414580486,-14.268323820051926
6.914811512127408,5.361355192289088
8.085369404819312,11.92987710533017
-4.327363756653034,-9.0854848974531
8.441325084048549,8.44812853126953
-4.004251913251352,-3.9024933163065567
-0.7934729075671692,-2.498588379317103
5.407124356635736,2.0448122943599234
6.005734009557669,6.923015895934091
-2.6381204896276405,-3.5510122265745494
-5.042965348642278,-3.5441407483678398
12.159448061012206,-0.7532307683892767
-5.9184319388086655,-11.560973618425212
-3.4908307948121813,-2.147832136474419
-2.792160690462876,-3.776782168516627
5.709570131106123,-1.6418960468497614
6.774219925922991,9.99793335374567
9.58619843189952,0.8462944774571166
4.239782360935532,7.562169869010249
-3.726657108925433,-3.0899837042558564
8.43735130324329,-3.3266240587760967
-1.5890798782957374,-2.0105850926990128
-5.182668274245073,-12.651476726751167
-2.768257682827664,-12.291035216323067
4.315824843827661,8.357248999183954
8.806865892765844,1.5306941232903735
-2.12890714229902,-3.870019192500036
-4.135502439842835,-10.371770304951141
6.892121836612048,7.220618326473778
-1.2388413783922954,-3.3364702415792475
-7.779646387043239,-10.764366041974528
5.693789873796255,8.492103480563413
7.281958728136871,8.700823226095597
9.155486167129155,-0.5244766367605127
-3.856735374003784,-2.012563730217439
-3.2119162819196663,-8.614323553915117
7.031950187970505,1.9110132188085898
6.104356780669989,2.626167258596818
7.665858538072683,9.758675585941036
6.885428523040971,12.761686791426321
9.255123687646922,10.579910769132248
-4.312660139696602,-13.245662692868883
6.280208641179861,11.083741949647813
9.865168129043324,7.881172771798613
7.9451591635304,-0.6205480693710581
4.477959260151497,10.430783311794274
7.547231970299462,-2.121815320655949
6.256406052331532,-1.229349411891859
-6.1379244050958945,-8.719636952190218
1.7512819120606293,-2.7395926717208927
4.213495305073383,9.029420348095709
-1.289159178811483,-1.0698107322901556
-2.9417472441347554,-9.86651689194149
7.6681086255130895,0.026836316058812537
-0.6938871153491621,-1.6069652030545765
9.889579278489132,11.191942789496963
6.228887780585589,1.8528487830180675
-5.215708613761317,-0.6993488888103272
-3.2011414017649624,-8.404286426079192
-6.084330586892889,-8.515366930670186
-0.691159773883004,-2.7954450436055347
4.460101726991796,1.173204946187163
8.487058661191828,7.587876751501353
-4.751825002374108,-11.485791053068212
10.948243150902655,9.700951981235272
6.401682696050649,9.958005397053867
-0.663627322696097,-2.637891567141037
6.6403686815815846,10.323195932500678
4.975401312144447,-2.069925823299435
9.841949212095084,-0.8453705076228117
0.32400674960651243,-2.936862568890196
-6.5364222040545705,-13.656983299196314
-6.181837650544683,-6.053460697629021
7.110174740930585,12.273116038617726
7.3880124106334115,8.12439777708225
4.868840516024907,1.1331961962893726
-0.4309814615165466,-3.265740008292802
-6.792377138313535,-10.139361987160314
1.2976408937802928,-3.292474507897178
-0.942500322097878,2.2209565518430647
-3.181146671282967,-10.597557462051538
11.955929421404395,3.1130154682821454
-5.941658731212325,-13.358630794144284
-6.059636088077363,-6.313824982185928
7.631350832872878,11.476914323565818
6.071060603611974,-1.046340984626345
-5.842986863859236,-8.135296841383095
-7.09499965003639,-8.490272991296155
9.488434714265546,0.3475695615363324
10.415242489602694,7.445075034715007
-4.047388981674133,-4.003956734798539
-3.3103143119831966,-1.7870224204047578
-5.094162422694787,-7.332569426159507
10.022012055084373,9.947742931699123
-6.351565449530987,-6.095429280060045
8.228292251144513,13.139155619527351
-1.5376253369499207,0.16772247385929795
-3.747032372401357,-3.740451484476395
8.118136251568913,9.830638243514422
-4.30763069372245,-3.6485230966544373
5.072690944592295,7.570303148894306
-7.594824270687662,-8.577900258450331
-1.3470219417982598,-1.3823175892013957
7.985085783168722,-0.30270469616459816
-5.334918873645311,-9.427672801397005
-0.2071805168810139,-0.23608582515214582
7.7755740848074835,-0.5707057529168946
10.76464026491951,11.538299257299446
8.453180554441516,12.560713301488295
-3.808907744445791,-8.834228047680092
-4.325562899016775,-8.140834630538922
-5.2820541443791535,-9.631811850283645
-1.1529666790942714,-2.3755698775223895
-6.610574413723003,-7.352382091683301
9.120413187103566,0.9221526850326811
-0.2097743630095208,-2.4124367179098702
-2.830672963029216,-9.542670009599517
-6.427660397606014,-12.307551025965509
-6.615353649937228,-11.16807985467729
6.941545795223023,-1.7512555816033033
0.1802519652081278,-4.4843561709979465
-5.262002613661846,-1.6196134462137164
-6.79950804805464,-11.077162481011491
-5.7799806944860475,-9.613774550246944
-6.7338353335896,-8.791935467701844
-6.108652150219102,-9.66464015969683
9.65159072094739,1.2248345695138287
8.997403589551643,7.136858091597489
7.663552023524837,0.6649181701399064
0.8524078146700864,-4.93662580181506
-0.47153203532447585,-0.5553201164249946
-7.102358773506239,-14.641755734476785
7.246379131592064,0.15641356744749974
5.75051567197979,1.1309006187867396
5.375144554541418,1.2731513077143028
-2.3333854708075075,-3.623023862026602
8.091179652073377,-1.3948075431124
-6.745509726115191,-10.235140147584616
7.939747277447515,0.8854382436827799
-3.2204962570030125,0.21198825879485428
6.592701957871718,-2.854065743445794
6.3328079525214624,-1.2514493562258218
-2.4680674823833293,-3.5331414186396914
8.361798214805892,6.973813252507119
7.1775274800175985,0.32277367683857944
0.033844048976670704,-2.4204327086288564
-7.6647451068161985,-9.677545367113561
-0.8565682553927025,-1.924611679418615
7.787260677334298,7.329359956628348
-8.233179451411413,-5.793614100005815
5.463174087109328,12.05860945620881
10.213144313962452,10.01977778372828
8.240914213787043,7.2985351477924
-0.24017049079309172,-2.976885131442578
6.909080311117628,0.24960347773358205
6.799737350332535,10.764201650585246
-5.486845510313934,-7.860635320450596
8.696238907982819,1.8204697164499308
0.3715045863363571,-1.5041470335175828
7.253203777822225,10.895701340620747
7.885759622902695,7.517278759762991
8.093904576964563,4.092188642804973
7.7438905135839295,1.419149257305976
7.500987645110822,0.4828015860198668
8.376464632570597,9.24894303554645
8.899277806663447,11.128371229940331
0.4124425611059843,-4.90823178274864
9.008925398199972,8.942897858091905
8.145379921793188,3.0177242471976844
-3.6449269376614684,-10.656078464159709
6.776807793015728,-0.9637494238798561
8.50293254367621,2.8924119104975317
-6.702341229855927,-10.428766100690765
2.7241345545708366,-2.5752399203050964
-1.1011986845363126,0.06875282627386614
-1.076080461704739,-2.6679674559508197
6.407828478273299,2.691247726900198
3.53697347929138,10.808852331815139
-8.148221980043918,-8.85900542118614
12.531333065351014,1.3024533540957328
-4.1717335882438,-11.085983096389795
-7.024653565990268,-12.29739792611038
5.116228583881119,0.16062581327229836
-3.856638730402743,-3.6674911782215416
9.98397103425575,2.425764417171213
5.409724131663419,9.265268741804483
-3.8565777007912927,-11.6033816238198
5.570712524540569,3.4194879773993274
-1.4654067603175338,-1.7792448136919736
-0.7709697470341741,-0.513713941471744
-0.335348892941167,-4.9291575623287835
7.09118066167462,-2.8204339108834104
6.374284083311929,0.005161203824072147
7.428595281973316,13.089498558907202
-2.7869467814024507,-1.0366927700963875
9.341462190920861,2.6738290194427443
6.870782235454468,1.4432525488754036
7.84101312116589,0.8229014752392443
-4.797035458996357,-11.556602083203982
8.758016414375172,1.834993823946761
7.264017597325582,8.29355556878873
6.6634094531425445,0.27406314359902517
6.566951152807756,8.635403530025146
-2.2220423857485314,0.7496068182358346
9.791239424830655,7.578523433265028
11.425835391639621,-0.1272421519118534
6.152183592902812,10.969110272619595
9.792627664210032,8.936110063029277
8.753457139680284,7.209348993465001
4.876002753828524,9.356652232221423
-1.9633021741044123,-0.9835054650386912
9.385421055972788,0.9953665271794796
4.754862919744111,-1.9539497590016035
7.021306596526241,7.108885558850027
-4.410108433428853,-4.346392211285988
8.215558125594509,12.194800657655495
-0.4187289514250464,-2.433659597149999
9.019963167753797,2.931631335009499
-5.331362100386,-9.308032752250229
5.872685755379951,0.1545357274674352
-0.25052810606665443,-2.684463760555691
11.152340760354665,9.497085949356613
7.394954393670288,1.1382430883067156
-0.280703258251799,-1.6521685562366426
-1.4614872418360934,-10.144304297165817
0.8720094005258634,-2.6118816339337947
6.286190447854193,12.094623740055237
1.118480042932621,1.5476172048491712
-3.9321047345931976,-9.60599148779214
-2.8787011552484043,-3.7875005227383287
6.7687451497386775,6.569048839813254
-2.8965232828970784,0.1394263181406976
6.4626401643065625,1.780371469459148
11.597482237163508,1.927447209459635
5.579255698957159,13.11577961165556
-8.640807875630854,-8.178752350104201
7.4118234451147895,13.009530070546134
7.981419332605969,-0.556587636850119
-6.47762315774949,-8.939496208285293
7.032752964948798,-0.7222965774839933
7.840803189718076,9.761994165372991
-6.4246656927016055,-0.43058721651490783
9.45180377873086,12.021966920182226
-1.4840737201569667,-0.261309601331396
-4.928687144534043,-10.557561772008615
-1.4935066131815058,-2.2414508799178607
8.026107651446083,5.858729132444852
-5.790277764156391,-10.266124236804066
-0.4817527444865125,-0.46965573035392305
4.720197571026497,1.063864214329799
-7.6138528433904185,-8.331359187803276
-1.5006635191780275,-3.0074592794511616
7.314956113525688,-0.0573167571277593
-0.5736859727195404,-3.631970261306167
7.6572475129648225,2.0781403673904517
9.036688803832087,8.502018624187919
7.198988910900409,-0.20842630070847767
-6.061679670555776,-8.45611149551279
-0.1620062753958642,-3.875233921419439
10.052922789860883,8.947732586507982
6.415752529749648,-0.003969173808627491
8.298336322956798,2.093419576895009
-2.6942445369077643,-10.96426669677352
-4.723398565687124,-6.993163037764006
-3.78315356905123,-2.421645568497676
-7.018443891463401,-10.129302401647916
-4.609776022482427,-8.72618295563011
-6.917994386266949,-7.485812926084025
-3.6665978657716023,-3.4602190317749217
0.8655371618997552,-4.523920410442557
-8.455871311023923,-11.001507641532136
6.4155119556872116,8.943628353066458
5.995949464705453,-1.0079707383172112
-2.6601688844638924,-2.563481077718656
0.8832402730450184,-3.3429698109535724
-5.1847474043176245,-2.8598084998519835
6.776562260087603,8.570349483251507
-2.5111600199374573,-7.54048483602404
-2.660446050965326,-1.8311947407613733
-2.1675854463393476,-9.307655311844973
-3.522631561674354,-3.537109701098891
5.702435106838979,8.412924984925237
-1.0985496315436687,-0.35707904941493895
7.309452991813775,7.858732215898172
-1.8262509047959723,-4.110908328336539
4.620220292309463,-0.4264261596804466
7.991896836422093,8.936692630813246
6.171326314414909,-2.8925201456601157
7.188426882286585,10.362343357770026
8.46718274402634,-1.4637713369407583
1.1702386886352314,-1.7665067849517813
-3.207626352912795,-1.804821190060721
7.150218663495331,1.18483862243878
0.7998220368534716,-4.351259475023066
8.148432223668099,10.299781207768362
-1.5531320991780926,-3.426743403106177
-1.8703841200303881,-2.015606633584412
5.1226250586607875,9.644991276060862
0.17265725695506817,-3.1760303430949968
6.404992179746326,8.98750117970743
-1.0823576954496663,1.7851316974917752
-8.411015451856322,-7.7307984787095645
-6.3065633524648925,-12.091279200340429
11.919107810239998,9.106471399499235
7.648130494503404,9.287328956991733
8.609569591964128,0.6164208146228753
4.741116747747045,1.4437728548632105
9.349635912973739,-1.051532172436409
-1.937607449522979,-4.904539746082682
-6.771344746372362,-2.4308972552691452
8.563383294874411,13.645782342366736
-0.5196333494257963,-0.6776221907391387
9.533159014420228,-1.540578042057502
-0.8553762544407734,-3.6784956518938605
4.155600683972438,10.099887367907314
-5.863856998339762,-6.6096806379402935
6.971817340488255,-1.9191741142264047
9.56928586344436,8.11755248490845
8.460116558760772,1.073530086494894
8.081383605984366,1.1225985032792525
9.978848963267595,1.332837531027892
-2.851826991496437,-9.850304479542096
8.8722647058649,7.412592249501986
5.829875261027989,8.429627692097048
9.833063167821349,6.356594652305759
-3.584655717594143,-9.629502357851228
8.310327802431955,2.0593546484559506
-1.8384853641623904,-3.5903846160894104
-3.1695551553717527,-2.2218740825359227
7.166351198312719,-0.03094230399749054
10.281871081212676,3.473091598701451
5.239267859316822,10.158215560730985
5.981828078140297,1.7215723178143536
9.86928430613654,2.978016639064896
-4.566537735091933,-2.1073928083441356
4.3131597122336895,10.054138146235445
6.554163580728981,2.9172573445492196
-4.964850918768025,-10.606775501020667
0.9440323316984527,0.4525553653702521
0.2542752838975435,-3.776193580071207
-7.945605285626257,-12.017345311612353
-4.606946103190397,-8.188617003161113
-7.098423338827426,-8.231545280060988
-3.5654097745619184,-7.072834337938998
7.355604999291991,9.673195965205428
5.043384035359988,3.636074977952246
1.4403391916360864,-3.512206148006956
